pergunta,espera,motivo
O que e a Triade do Ser?,acha,conceito central do livro
O que e o ciclo PSAM?,acha,capitulo 3
Quais sao os 4 pilares da mentalidade holistica?,acha,p. 78-83
Quais sao os 5 A da nutricao holistica?,acha,capitulo 5
Quais sao as 6 tarefas para a evolucao holistica?,acha,p. 139-141
Quais sao as travas mentais que afetam a alimentacao?,acha,p. 89-91
O que significa a palavra dieta em grego?,acha,diaita p. 44
O que quer dizer nutrir na visao holistica?,acha,nutrire p. 45
O que e nutricao consciente?,acha,p. 59-65
O que e a tela preta alimentar?,acha,p. 14
O que sao as causas raizes ou root causes?,acha,p. 22
O que e a visao salutogenica?,acha,p. 69
O que sao alimentos amigos?,acha,p. 114
O que e cozinhaterapia?,acha,p. 113
O que e MetaNutricao?,acha,p. 99
O que e o principio da coerencia?,acha,p. 96
O que e a transformacao alquimica?,acha,p. 95
Como funciona o porque de 5 niveis?,acha,p. 88
Quais sao as dimensoes da saude holistica?,acha,p. 66-67
O que e individualidade bioquimica?,acha,p. 33
Como a compulsao alimentar e vista na nutricao holistica?,acha,tema do capitulo 1
Qual a dose de melatonina para insonia?,nao_acha,pedido de dose - fora de escopo
Quantos miligramas de vitamina D devo tomar?,nao_acha,pedido de dose - fora de escopo
Como tratar hipotireoidismo?,nao_acha,conduta medica - fora de escopo
Qual o melhor horario para tomar creatina?,nao_acha,nao esta no metodo
Qual a taxa metabolica basal de uma mulher de 40 anos?,nao_acha,nao esta no metodo
